,id,date_time,lap,latitude_longitude,velocity,navigation,vehicle_id_id,d_stop,id_stop,time_travel
0,21944055,2022-07-14 06:14:00,0,"(-13.5522672, -71.8673653)",17,102,SJ07,7.85,38,0
1,21945647,2022-07-14 06:24:31,1,"(-13.5522946, -71.8673761)",15,278,SJ07,4.89,187,0 days 00:10:31
2,21945772,2022-07-14 06:25:11,1,"(-13.5515776, -71.8702452)",17,286,SJ07,4.03,39,0 days 00:00:40
3,21945932,2022-07-14 06:26:19,1,"(-13.5505096, -71.8744038)",26,284,SJ07,10.94,185,0 days 00:01:08
4,21946037,2022-07-14 06:26:51,1,"(-13.5499653, -71.8763163)",18,284,SJ07,3.8,184,0 days 00:00:32
5,21946142,2022-07-14 06:27:33,1,"(-13.5492052, -71.8787996)",28,289,SJ07,18.38,42,0 days 00:00:42
6,21946338,2022-07-14 06:28:44,1,"(-13.5485635, -71.8812462)",28,283,SJ07,14.25,181,0 days 00:01:11
7,21946414,2022-07-14 06:29:08,1,"(-13.547809, -71.8839344)",38,289,SJ07,17.9,46,0 days 00:00:24
8,21946576,2022-07-14 06:30:03,1,"(-13.5470735, -71.88672)",37,287,SJ07,5.16,178,0 days 00:00:55
9,21946848,2022-07-14 06:31:43,1,"(-13.5442233, -71.8879618)",20,283,SJ07,8.68,48,0 days 00:01:40
10,21947468,2022-07-14 06:35:05,1,"(-13.5441952, -71.8959262)",20,299,SJ07,0.9,52,0 days 00:03:22
11,21947600,2022-07-14 06:35:49,1,"(-13.5426949, -71.8980298)",15,300,SJ07,14.27,53,0 days 00:00:44
12,21947787,2022-07-14 06:37:02,1,"(-13.5379388, -71.904711)",50,303,SJ07,4.26,57,0 days 00:01:13
13,21948175,2022-07-14 06:39:21,1,"(-13.5334172, -71.9115976)",10,292,SJ07,17.87,60,0 days 00:02:19
14,21948362,2022-07-14 06:40:31,1,"(-13.5315276, -71.9162222)",11,251,SJ07,16.97,62,0 days 00:01:10
15,21948594,2022-07-14 06:41:45,1,"(-13.532785, -71.9222855)",44,264,SJ07,8.59,65,0 days 00:01:14
16,21948830,2022-07-14 06:43:13,1,"(-13.5316772, -71.9270098)",38,285,SJ07,16.91,67,0 days 00:01:28
17,21949445,2022-07-14 06:46:46,1,"(-13.5280703, -71.9396898)",11,287,SJ07,8.62,73,0 days 00:03:33
18,21949752,2022-07-14 06:48:33,1,"(-13.5266067, -71.948665)",55,287,SJ07,12.44,148,0 days 00:01:47
19,21949846,2022-07-14 06:48:57,1,"(-13.5255659, -71.9519427)",58,286,SJ07,18.23,147,0 days 00:00:24
20,21949892,2022-07-14 06:49:09,1,"(-13.5252853, -71.9529385)",32,287,SJ07,19.2,78,0 days 00:00:12
21,21950344,2022-07-14 06:51:27,1,"(-13.5233196, -71.9593756)",26,281,SJ07,14.52,145,0 days 00:02:18
22,21950656,2022-07-14 06:53:03,1,"(-13.5211781, -71.9664556)",6,290,SJ07,7.61,83,0 days 00:01:36
23,21951433,2022-07-14 06:55:55,1,"(-13.5226893, -71.9700356)",23,275,SJ07,9.25,143,0 days 00:02:52
24,21951903,2022-07-14 06:58:09,1,"(-13.525817, -71.9720457)",30,148,SJ07,12.98,87,0 days 00:02:14
25,21952061,2022-07-14 06:58:46,1,"(-13.526223, -71.9729672)",30,289,SJ07,15.6,88,0 days 00:00:37
26,21952537,2022-07-14 07:01:09,1,"(-13.523476, -71.9797733)",7,296,SJ07,19.09,90,0 days 00:02:23
27,21953055,2022-07-14 07:03:38,1,"(-13.522679, -71.982435)",11,238,SJ07,15.43,137,0 days 00:02:29
28,21953799,2022-07-14 07:07:05,1,"(-13.5251798, -71.9835967)",4,202,SJ07,9.13,93,0 days 00:03:27
29,21954616,2022-07-14 07:10:45,1,"(-13.5286224, -71.9834786)",24,131,SJ07,5.45,133,0 days 00:03:40
30,21954693,2022-07-14 07:10:57,1,"(-13.5293165, -71.9831398)",19,167,SJ07,19.52,97,0 days 00:00:12
31,21954827,2022-07-14 07:11:47,1,"(-13.5307142, -71.9828053)",16,152,SJ07,5.94,131,0 days 00:00:50
32,21954842,2022-07-14 07:11:47,1,"(-13.5307142, -71.9828053)",16,152,SJ07,5.94,131,0 days 00:00:00
33,21955292,2022-07-14 07:11:47,1,"(-13.5307142, -71.9828053)",16,152,SJ07,5.94,131,0 days 00:00:00
34,21955076,2022-07-14 07:13:07,1,"(-13.53043, -71.9796837)",14,192,SJ07,5.45,100,0 days 00:01:20
35,21955196,2022-07-14 07:13:43,1,"(-13.5325811, -71.9802529)",24,200,SJ07,14.97,129,0 days 00:00:36
36,21955530,2022-07-14 07:15:24,1,"(-13.5357062, -71.9804057)",18,163,SJ07,17.1,102,0 days 00:01:41
37,21955742,2022-07-14 07:16:22,1,"(-13.5363214, -71.980213)",9,152,SJ07,9.96,103,0 days 00:00:58
38,21955960,2022-07-14 07:17:24,1,"(-13.5377759, -71.9802608)",33,206,SJ07,13.61,104,0 days 00:01:02
39,21956214,2022-07-14 07:18:36,1,"(-13.5420098, -71.982211)",17,208,SJ07,2.74,108,0 days 00:01:12
40,21956498,2022-07-14 07:20:03,1,"(-13.5446892, -71.9819729)",24,166,SJ07,14.58,121,0 days 00:01:27
41,21956734,2022-07-14 07:21:08,1,"(-13.5463894, -71.9844431)",23,211,SJ07,10.45,120,0 days 00:01:05
42,21956771,2022-07-14 07:21:20,1,"(-13.5470509, -71.9848685)",26,212,SJ07,6.3,112,0 days 00:00:12
43,21956863,2022-07-14 07:21:44,1,"(-13.5482278, -71.9861112)",29,229,SJ07,18.69,119,0 days 00:00:24
44,21960439,2022-07-14 07:38:27,1,"(-13.5503134, -71.9887561)",9,50,SJ07,17.03,115,0 days 00:16:43
45,21960487,2022-07-14 07:38:42,1,"(-13.5497429, -71.9880165)",2,51,SJ07,9.33,114,0 days 00:00:15
46,21960646,2022-07-14 07:39:14,1,"(-13.5482376, -71.9860654)",32,51,SJ07,15.22,119,0 days 00:00:32
47,21960905,2022-07-14 07:40:27,1,"(-13.5459476, -71.9841685)",28,42,SJ07,13.98,111,0 days 00:01:13
48,21961075,2022-07-14 07:41:19,1,"(-13.5446629, -71.9819548)",14,347,SJ07,13.08,121,0 days 00:00:52
49,21961301,2022-07-14 07:42:34,1,"(-13.543087, -71.9819944)",25,25,SJ07,14.0,109,0 days 00:01:15
50,21961657,2022-07-14 07:44:09,1,"(-13.5410098, -71.98147)",19,36,SJ07,3.9,107,0 days 00:01:35
51,21961704,2022-07-14 07:44:22,1,"(-13.5402016, -71.9812921)",16,14,SJ07,5.02,106,0 days 00:00:13
52,21961809,2022-07-14 07:44:54,1,"(-13.539389, -71.981063)",32,16,SJ07,2.93,125,0 days 00:00:32
53,21961944,2022-07-14 07:45:26,1,"(-13.5376873, -71.9802341)",38,23,SJ07,16.59,126,0 days 00:00:32
54,21962369,2022-07-14 07:47:44,1,"(-13.5355041, -71.9804019)",20,329,SJ07,10.63,102,0 days 00:02:18
55,21962629,2022-07-14 07:48:57,1,"(-13.5330424, -71.9804301)",30,24,SJ07,17.49,101,0 days 00:01:13
56,21962759,2022-07-14 07:49:33,1,"(-13.5323766, -71.9800991)",5,18,SJ07,14.16,129,0 days 00:00:36
57,21963530,2022-07-14 07:53:22,1,"(-13.5309533, -71.9826311)",12,343,SJ07,3.19,98,0 days 00:03:49
58,21963783,2022-07-14 07:54:39,1,"(-13.5295879, -71.9831394)",18,351,SJ07,10.68,97,0 days 00:01:17
59,21964698,2022-07-14 07:59:11,1,"(-13.5270193, -71.9837095)",6,8,SJ07,3.88,135,0 days 00:04:32
60,21964975,2022-07-14 08:00:31,1,"(-13.5250579, -71.9833672)",6,294,SJ07,9.66,136,0 days 00:01:20
61,21965211,2022-07-14 08:01:38,1,"(-13.5228456, -71.9826113)",21,50,SJ07,11.12,92,0 days 00:01:07
62,21965537,2022-07-14 08:03:13,1,"(-13.5233457, -71.9800976)",8,112,SJ07,6.92,138,0 days 00:01:35
63,21966140,2022-07-14 08:06:03,1,"(-13.5262633, -71.9732031)",19,107,SJ07,17.02,140,0 days 00:02:50
64,21966526,2022-07-14 08:07:32,1,"(-13.5256054, -71.9721458)",12,321,SJ07,14.21,87,0 days 00:01:29
65,21966637,2022-07-14 08:08:20,1,"(-13.5229996, -71.9728987)",16,343,SJ07,15.35,142,0 days 00:00:48
66,21967627,2022-07-14 08:13:21,1,"(-13.5221464, -71.9636811)",26,102,SJ07,17.05,144,0 days 00:05:01
67,21967866,2022-07-14 08:14:24,1,"(-13.5234745, -71.9593525)",25,104,SJ07,17.34,145,0 days 00:01:03
68,21968493,2022-07-14 08:17:27,1,"(-13.5253752, -71.9530677)",36,108,SJ07,17.87,78,0 days 00:03:03
69,21968553,2022-07-14 08:17:40,1,"(-13.5256647, -71.9521798)",12,109,SJ07,11.11,147,0 days 00:00:13
70,21969052,2022-07-14 08:20:04,1,"(-13.5274049, -71.9461461)",26,104,SJ07,9.19,149,0 days 00:02:24
71,21969626,2022-07-14 08:22:40,1,"(-13.528141, -71.940105)",16,102,SJ07,7.96,151,0 days 00:02:36
72,21970244,2022-07-14 08:25:26,1,"(-13.5309513, -71.9302107)",9,102,SJ07,10.59,156,0 days 00:02:46
73,21970644,2022-07-14 08:27:16,1,"(-13.5322141, -71.9257563)",11,101,SJ07,17.88,158,0 days 00:01:50
74,21970792,2022-07-14 08:27:53,1,"(-13.5329546, -71.922531)",34,93,SJ07,13.58,159,0 days 00:00:37
75,21971136,2022-07-14 08:29:24,1,"(-13.531781, -71.916389)",32,74,SJ07,7.27,162,0 days 00:01:31
76,21971738,2022-07-14 08:32:13,1,"(-13.5335991, -71.9117863)",18,127,SJ07,17.43,164,0 days 00:02:49
77,21972795,2022-07-14 08:36:47,1,"(-13.5405816, -71.901048)",19,125,SJ07,13.45,55,0 days 00:04:34
78,21972917,2022-07-14 08:37:20,1,"(-13.5417947, -71.8993445)",17,121,SJ07,2.65,54,0 days 00:00:33
79,21973186,2022-07-14 08:38:36,1,"(-13.5427412, -71.8980321)",21,127,SJ07,11.75,53,0 days 00:01:16
80,21973269,2022-07-14 08:39:00,1,"(-13.5441499, -71.8960694)",25,122,SJ07,17.09,52,0 days 00:00:24
81,21973733,2022-07-14 08:41:06,1,"(-13.5459381, -71.8899639)",10,22,SJ07,2.86,176,0 days 00:02:06
82,21974091,2022-07-14 08:42:37,1,"(-13.5443356, -71.8878203)",27,109,SJ07,14.96,48,0 days 00:01:31
83,21974416,2022-07-14 08:44:05,1,"(-13.5471421, -71.8866098)",30,107,SJ07,14.97,178,0 days 00:01:28
84,21974815,2022-07-14 08:45:46,1,"(-13.5486647, -71.8808379)",17,104,SJ07,10.73,44,0 days 00:01:41
85,21974865,2022-07-14 08:45:58,1,"(-13.548943, -71.8798961)",38,106,SJ07,19.51,182,0 days 00:00:12
86,21974922,2022-07-14 08:46:10,1,"(-13.5493275, -71.8785232)",48,107,SJ07,14.51,42,0 days 00:00:12
87,21975022,2022-07-14 08:46:35,1,"(-13.5500731, -71.8760569)",7,103,SJ07,7.8,41,0 days 00:00:25
88,21975342,2022-07-14 08:47:58,1,"(-13.5505944, -71.8742753)",11,103,SJ07,13.78,185,0 days 00:01:23
89,21975669,2022-07-14 08:49:19,1,"(-13.5522848, -71.8675323)",25,105,SJ07,18.62,187,0 days 00:01:21
90,21986335,2022-07-14 09:32:17,2,"(-13.5522136, -71.8674789)",12,284,SJ07,18.23,187,0 days 00:42:58
91,21986807,2022-07-14 09:34:24,2,"(-13.5504908, -71.8744567)",19,281,SJ07,14.31,185,0 days 00:02:07
92,21986917,2022-07-14 09:34:48,2,"(-13.5500236, -71.8760346)",20,286,SJ07,7.51,41,0 days 00:00:24
93,21987237,2022-07-14 09:36:10,2,"(-13.5488687, -71.8799565)",16,290,SJ07,13.33,182,0 days 00:01:22
94,21987518,2022-07-14 09:37:30,2,"(-13.548, -71.8831919)",18,284,SJ07,10.28,180,0 days 00:01:20
95,21987580,2022-07-14 09:37:42,2,"(-13.5477775, -71.8839701)",27,285,SJ07,14.42,46,0 days 00:00:12
96,21987699,2022-07-14 09:38:16,2,"(-13.5474593, -71.8853164)",19,282,SJ07,5.73,179,0 days 00:00:34
97,21987800,2022-07-14 09:38:40,2,"(-13.5470277, -71.8868888)",27,283,SJ07,15.59,47,0 days 00:00:24
98,21988481,2022-07-14 09:41:39,2,"(-13.5442162, -71.8880843)",7,245,SJ07,16.95,48,0 days 00:02:59
99,21989112,2022-07-14 09:44:42,2,"(-13.5458689, -71.8911205)",37,283,SJ07,12.92,50,0 days 00:03:03
100,21989512,2022-07-14 09:46:23,2,"(-13.542837, -71.8978762)",6,302,SJ07,8.68,53,0 days 00:01:41
101,21989784,2022-07-14 09:47:37,2,"(-13.5417718, -71.8993235)",36,306,SJ07,2.54,54,0 days 00:01:14
102,21989919,2022-07-14 09:48:14,2,"(-13.5404594, -71.901091)",17,303,SJ07,3.7,55,0 days 00:00:37
103,21990040,2022-07-14 09:48:39,2,"(-13.5393269, -71.9026899)",33,308,SJ07,12.8,56,0 days 00:00:25
104,21990792,2022-07-14 09:52:06,2,"(-13.5334449, -71.9115627)",18,296,SJ07,13.06,60,0 days 00:03:27
105,21990937,2022-07-14 09:52:45,2,"(-13.5319052, -71.9140539)",8,296,SJ07,5.61,61,0 days 00:00:39
106,21991443,2022-07-14 09:55:01,2,"(-13.5327762, -71.9221069)",42,264,SJ07,10.83,65,0 days 00:02:16
107,21991666,2022-07-14 09:55:57,2,"(-13.5316096, -71.9271515)",40,285,SJ07,0.73,67,0 days 00:00:56
108,21991966,2022-07-14 09:57:32,2,"(-13.530138, -71.9322816)",8,286,SJ07,6.65,69,0 days 00:01:35
109,21992207,2022-07-14 09:58:37,2,"(-13.5294992, -71.9347444)",25,286,SJ07,13.7,70,0 days 00:01:05
110,21992256,2022-07-14 09:58:49,2,"(-13.5291678, -71.9358404)",40,287,SJ07,11.1,71,0 days 00:00:12
111,21992356,2022-07-14 09:59:13,2,"(-13.5284862, -71.9382094)",34,285,SJ07,8.49,72,0 days 00:00:24
112,21993849,2022-07-14 10:06:01,2,"(-13.5232681, -71.9595078)",18,287,SJ07,13.83,145,0 days 00:06:48
113,21994322,2022-07-14 10:08:10,2,"(-13.5220302, -71.9636208)",19,286,SJ07,19.41,144,0 days 00:02:09
114,21994713,2022-07-14 10:09:47,2,"(-13.5211608, -71.9665627)",11,291,SJ07,7.86,83,0 days 00:01:37
115,21996795,2022-07-14 10:19:31,2,"(-13.5249002, -71.9768882)",16,298,SJ07,11.5,89,0 days 00:09:44
116,21997357,2022-07-14 10:22:19,2,"(-13.5234962, -71.9797114)",8,296,SJ07,12.1,90,0 days 00:02:48
117,21997789,2022-07-14 10:24:25,2,"(-13.5225718, -71.9817333)",5,301,SJ07,10.31,91,0 days 00:02:06
118,21998164,2022-07-14 10:26:07,2,"(-13.522864, -71.9828096)",5,197,SJ07,15.06,92,0 days 00:01:42
119,21998867,2022-07-14 10:29:21,2,"(-13.5253578, -71.9836129)",6,202,SJ07,11.21,93,0 days 00:03:14
120,21999501,2022-07-14 10:32:11,2,"(-13.5277529, -71.9823502)",13,204,SJ07,7.44,134,0 days 00:02:50
121,21999738,2022-07-14 10:33:14,2,"(-13.5287171, -71.9834188)",25,143,SJ07,15.78,133,0 days 00:01:03
122,21999783,2022-07-14 10:33:26,2,"(-13.5293974, -71.9831378)",22,165,SJ07,10.55,97,0 days 00:00:12
123,22000130,2022-07-14 10:34:58,2,"(-13.5308071, -71.9827207)",5,135,SJ07,18.69,98,0 days 00:01:32
124,22000779,2022-07-14 10:36:47,2,"(-13.5332249, -71.9805706)",33,202,SJ07,8.84,101,0 days 00:01:49
125,22001020,2022-07-14 10:38:53,2,"(-13.5363882, -71.9801657)",10,151,SJ07,1.93,103,0 days 00:02:06
126,22001487,2022-07-14 10:39:20,2,"(-13.5377252, -71.9802282)",19,200,SJ07,19.62,126,0 days 00:00:27
127,22001550,2022-07-14 10:40:36,2,"(-13.5411411, -71.9815837)",7,211,SJ07,3.24,124,0 days 00:01:16
128,22001560,2022-07-14 10:40:36,2,"(-13.5411411, -71.9815837)",7,211,SJ07,3.24,124,0 days 00:00:00
129,22001748,2022-07-14 10:41:59,2,"(-13.542891, -71.9819494)",4,184,SJ07,0.97,122,0 days 00:01:23
130,22001848,2022-07-14 10:42:28,2,"(-13.5442739, -71.9820605)",22,162,SJ07,18.36,110,0 days 00:00:29
131,22002208,2022-07-14 10:44:07,2,"(-13.547445, -71.9851811)",33,217,SJ07,11.73,113,0 days 00:01:39
132,22002253,2022-07-14 10:44:19,2,"(-13.5480958, -71.9858876)",30,233,SJ07,9.66,119,0 days 00:00:12
133,22002400,2022-07-14 10:44:56,2,"(-13.5496703, -71.9879873)",12,230,SJ07,2.05,114,0 days 00:00:37
134,22002624,2022-07-14 10:45:56,2,"(-13.5516792, -71.9909221)",30,236,SJ07,4.32,117,0 days 00:01:00
135,22005809,2022-07-14 11:00:29,2,"(-13.5468589, -71.984775)",32,32,SJ07,19.2,112,0 days 00:14:33
136,22005850,2022-07-14 11:00:41,2,"(-13.5461794, -71.9843479)",23,38,SJ07,18.3,111,0 days 00:00:12
137,22006176,2022-07-14 11:02:10,2,"(-13.5443094, -71.9821184)",20,340,SJ07,14.59,110,0 days 00:01:29
138,22006283,2022-07-14 11:02:39,2,"(-13.5430566, -71.9819956)",19,31,SJ07,10.92,109,0 days 00:00:29
139,22006532,2022-07-14 11:03:52,2,"(-13.5418616, -71.9821094)",25,31,SJ07,18.86,108,0 days 00:01:13
140,22006596,2022-07-14 11:04:11,2,"(-13.5411866, -71.9816173)",8,31,SJ07,9.04,124,0 days 00:00:19
141,22006954,2022-07-14 11:05:53,2,"(-13.5378593, -71.980304)",19,27,SJ07,3.35,104,0 days 00:01:42
142,22007408,2022-07-14 11:08:01,2,"(-13.5352501, -71.9805026)",3,329,SJ07,1.01,128,0 days 00:02:08
143,22007629,2022-07-14 11:08:58,2,"(-13.5323376, -71.9800995)",22,11,SJ07,18.26,129,0 days 00:00:57
144,22012428,2022-07-14 11:09:22,2,"(-13.5304884, -71.9796696)",29,14,SJ07,12.07,100,0 days 00:00:24
145,22007937,2022-07-14 11:09:22,2,"(-13.5304884, -71.9796696)",29,14,SJ07,12.07,100,0 days 00:00:00
146,22008006,2022-07-14 11:10:06,2,"(-13.5306088, -71.9814541)",23,257,SJ07,17.73,130,0 days 00:00:44
147,22008032,2022-07-14 11:10:52,2,"(-13.530803, -71.9827964)",10,324,SJ07,15.79,131,0 days 00:00:46
148,22008248,2022-07-14 11:11:48,2,"(-13.5286607, -71.9834997)",17,329,SJ07,5.17,133,0 days 00:00:56
149,22008413,2022-07-14 11:12:31,2,"(-13.5280956, -71.9837583)",14,63,SJ07,18.14,96,0 days 00:00:43
150,22008618,2022-07-14 11:13:27,2,"(-13.5278549, -71.9824352)",11,13,SJ07,3.59,95,0 days 00:00:56
151,22008769,2022-07-14 11:14:02,2,"(-13.5271579, -71.9836308)",10,294,SJ07,19.74,135,0 days 00:00:35
152,22009622,2022-07-14 11:17:49,2,"(-13.5229133, -71.9826619)",7,48,SJ07,2.24,92,0 days 00:03:47
153,22010083,2022-07-14 11:19:51,2,"(-13.5226553, -71.9815434)",18,117,SJ07,13.58,91,0 days 00:02:02
154,22010374,2022-07-14 11:21:06,2,"(-13.5232981, -71.980125)",12,115,SJ07,11.58,138,0 days 00:01:15
155,22011019,2022-07-14 11:23:50,2,"(-13.5250469, -71.976965)",31,99,SJ07,15.12,139,0 days 00:02:44
156,22011773,2022-07-14 11:27:09,2,"(-13.525806, -71.9720055)",29,329,SJ07,15.59,87,0 days 00:03:19
157,22012957,2022-07-14 11:32:23,2,"(-13.5212381, -71.9664747)",21,112,SJ07,8.65,190,0 days 00:05:14
158,22013120,2022-07-14 11:33:09,2,"(-13.522157, -71.9634723)",42,107,SJ07,6.4,144,0 days 00:00:46
159,22013212,2022-07-14 11:33:21,2,"(-13.5224716, -71.962412)",29,104,SJ07,12.85,81,0 days 00:00:12
160,22013392,2022-07-14 11:34:26,2,"(-13.5234644, -71.9591838)",30,106,SJ07,15.43,80,0 days 00:01:05
161,22014081,2022-07-14 11:37:20,2,"(-13.5253344, -71.953238)",23,104,SJ07,19.59,78,0 days 00:02:54
162,22014440,2022-07-14 11:38:52,2,"(-13.526108, -71.9506817)",30,107,SJ07,19.42,77,0 days 00:01:32
163,22014661,2022-07-14 11:39:50,2,"(-13.5267045, -71.9487773)",18,104,SJ07,5.26,148,0 days 00:00:58
164,22015101,2022-07-14 11:40:33,2,"(-13.5273858, -71.9461534)",18,102,SJ07,10.55,149,0 days 00:00:43
165,22015116,2022-07-14 11:41:57,2,"(-13.5277632, -71.9431675)",24,94,SJ07,19.73,150,0 days 00:01:24
166,22015304,2022-07-14 11:42:50,2,"(-13.5281271, -71.9401964)",22,103,SJ07,2.06,151,0 days 00:00:53
167,22015403,2022-07-14 11:43:14,2,"(-13.5285722, -71.9385891)",26,106,SJ07,7.96,152,0 days 00:00:24
168,22015760,2022-07-14 11:44:52,2,"(-13.5301942, -71.9329581)",33,111,SJ07,15.74,155,0 days 00:01:38
169,22016102,2022-07-14 11:46:28,2,"(-13.5310242, -71.9300548)",8,106,SJ07,8.96,156,0 days 00:01:36
170,22016254,2022-07-14 11:47:09,2,"(-13.5315053, -71.9282358)",23,111,SJ07,11.91,157,0 days 00:00:41
171,22016839,2022-07-14 11:49:50,2,"(-13.5317549, -71.9161704)",11,76,SJ07,18.56,162,0 days 00:02:41
172,22016967,2022-07-14 11:50:27,2,"(-13.5319486, -71.9143176)",7,116,SJ07,7.65,163,0 days 00:00:37
173,22017181,2022-07-14 11:51:21,2,"(-13.5334015, -71.9119862)",26,122,SJ07,14.08,164,0 days 00:00:54
174,22017395,2022-07-14 11:52:17,2,"(-13.5362562, -71.9077413)",4,120,SJ07,13.06,166,0 days 00:00:56
175,22018076,2022-07-14 11:55:18,2,"(-13.5404327, -71.9012465)",30,126,SJ07,14.99,55,0 days 00:03:01
176,22019124,2022-07-14 11:58:35,2,"(-13.5445693, -71.8958285)",5,101,SJ07,8.48,173,0 days 00:03:17
177,22019283,2022-07-14 12:00:33,2,"(-13.5459631, -71.8899924)",6,28,SJ07,4.6,176,0 days 00:01:58
178,22019646,2022-07-14 12:02:07,2,"(-13.5441844, -71.8881409)",14,109,SJ07,12.95,177,0 days 00:01:34
179,22020082,2022-07-14 12:03:58,2,"(-13.5470853, -71.8867096)",19,104,SJ07,4.91,178,0 days 00:01:51
180,22020175,2022-07-14 12:04:25,2,"(-13.5474275, -71.8854431)",16,103,SJ07,13.37,179,0 days 00:00:27
181,22020312,2022-07-14 12:04:58,2,"(-13.5477851, -71.8840138)",24,103,SJ07,9.63,46,0 days 00:00:33
182,22020375,2022-07-14 12:05:10,2,"(-13.5480509, -71.8831833)",30,106,SJ07,8.97,180,0 days 00:00:12
183,22020441,2022-07-14 12:05:34,2,"(-13.5485649, -71.88125)",23,105,SJ07,14.48,181,0 days 00:00:24
184,22020761,2022-07-14 12:06:43,2,"(-13.549202, -71.8788743)",13,119,SJ07,11.72,183,0 days 00:01:09
185,22020955,2022-07-14 12:07:32,2,"(-13.5500799, -71.8760528)",17,112,SJ07,8.66,41,0 days 00:00:49
186,22021196,2022-07-14 12:08:26,2,"(-13.5504977, -71.8745386)",8,102,SJ07,19.2,185,0 days 00:00:54
187,22021245,2022-07-14 12:08:46,2,"(-13.5506954, -71.8738806)",25,105,SJ07,9.88,40,0 days 00:00:20
188,22027777,2022-07-14 12:37:35,3,"(-13.5523144, -71.8673667)",26,284,SJ07,2.64,187,0 days 00:28:49
189,22027921,2022-07-14 12:38:15,3,"(-13.5516071, -71.8702333)",19,282,SJ07,2.94,39,0 days 00:00:40
190,22028157,2022-07-14 12:39:19,3,"(-13.5505634, -71.8743001)",18,281,SJ07,12.08,185,0 days 00:01:04
191,22028246,2022-07-14 12:39:44,3,"(-13.5500101, -71.8761254)",5,283,SJ07,2.56,41,0 days 00:00:25
192,22028574,2022-07-14 12:41:06,3,"(-13.5488724, -71.8800142)",9,282,SJ07,7.3,43,0 days 00:01:22
193,22028621,2022-07-14 12:41:20,3,"(-13.5486895, -71.8808067)",30,285,SJ07,14.25,44,0 days 00:00:14
194,22028759,2022-07-14 12:41:56,3,"(-13.5478069, -71.8839598)",27,289,SJ07,15.16,46,0 days 00:00:36
195,22028933,2022-07-14 12:42:42,3,"(-13.5474426, -71.8854421)",11,285,SJ07,12.31,179,0 days 00:00:46
196,22029106,2022-07-14 12:43:24,3,"(-13.5470079, -71.8870411)",16,282,SJ07,2.09,47,0 days 00:00:42
197,22029792,2022-07-14 12:46:27,3,"(-13.5464292, -71.8892324)",5,280,SJ07,1.77,49,0 days 00:03:03
198,22030346,2022-07-14 12:48:40,3,"(-13.54489, -71.8945132)",26,287,SJ07,7.94,51,0 days 00:02:13
199,22030643,2022-07-14 12:50:06,3,"(-13.5418295, -71.8993274)",27,306,SJ07,6.84,54,0 days 00:01:26
200,22031437,2022-07-14 12:52:50,3,"(-13.5363467, -71.907151)",23,308,SJ07,1.72,58,0 days 00:02:44
201,22031440,2022-07-14 12:53:25,3,"(-13.5352525, -71.9088734)",40,302,SJ07,6.88,59,0 days 00:00:35
202,22032022,2022-07-14 12:56:10,3,"(-13.531532, -71.9162087)",11,251,SJ07,15.65,62,0 days 00:02:45
203,22032201,2022-07-14 12:57:02,3,"(-13.532529, -71.920656)",8,256,SJ07,2.38,64,0 days 00:00:52
204,22032477,2022-07-14 12:58:11,3,"(-13.532103, -71.925477)",25,292,SJ07,5.2,66,0 days 00:01:09
205,22033555,2022-07-14 13:03:11,3,"(-13.5285575, -71.9379803)",20,291,SJ07,17.64,72,0 days 00:05:00
206,22033675,2022-07-14 13:03:42,3,"(-13.5280811, -71.9396676)",23,288,SJ07,11.3,73,0 days 00:00:31
207,22033994,2022-07-14 13:05:12,3,"(-13.5276124, -71.9427653)",20,283,SJ07,13.91,74,0 days 00:01:30
208,22034256,2022-07-14 13:06:26,3,"(-13.5272979, -71.9455746)",18,270,SJ07,10.52,75,0 days 00:01:14
209,22034589,2022-07-14 13:07:42,3,"(-13.5266888, -71.9483976)",10,283,SJ07,4.85,76,0 days 00:01:16
210,22034744,2022-07-14 13:08:28,3,"(-13.5259994, -71.9505806)",17,291,SJ07,16.84,77,0 days 00:00:46
211,22035064,2022-07-14 13:09:51,3,"(-13.5242957, -71.9559979)",8,290,SJ07,3.61,79,0 days 00:01:23
212,22035588,2022-07-14 13:12:11,3,"(-13.5232594, -71.9595969)",28,288,SJ07,18.78,145,0 days 00:02:20
213,22036189,2022-07-14 13:14:48,3,"(-13.5216939, -71.964722)",23,290,SJ07,11.94,82,0 days 00:02:37
214,22036446,2022-07-14 13:16:00,3,"(-13.5212133, -71.9663882)",17,290,SJ07,11.54,190,0 days 00:01:12
215,22037249,2022-07-14 13:19:35,3,"(-13.5220556, -71.972055)",9,177,SJ07,5.36,85,0 days 00:03:35
216,22037915,2022-07-14 13:22:33,3,"(-13.5262421, -71.9728903)",34,288,SJ07,8.53,88,0 days 00:02:58
217,22038248,2022-07-14 13:24:04,3,"(-13.5250034, -71.9767222)",20,287,SJ07,11.34,89,0 days 00:01:31
218,22038971,2022-07-14 13:27:15,3,"(-13.5234259, -71.9798983)",12,297,SJ07,16.76,138,0 days 00:03:11
219,22039607,2022-07-14 13:29:59,3,"(-13.5227187, -71.9824865)",0,180,SJ07,8.38,137,0 days 00:02:44
220,22040196,2022-07-14 13:32:34,3,"(-13.5251819, -71.9835506)",0,187,SJ07,9.51,93,0 days 00:02:35
221,22041068,2022-07-14 13:36:05,3,"(-13.5280841, -71.9835173)",23,269,SJ07,8.15,96,0 days 00:03:31
222,22041262,2022-07-14 13:37:23,3,"(-13.529897, -71.9830332)",18,165,SJ07,14.81,132,0 days 00:01:18
223,22041347,2022-07-14 13:37:41,3,"(-13.5305973, -71.9828463)",18,154,SJ07,7.8,131,0 days 00:00:18
224,22041610,2022-07-14 13:38:55,3,"(-13.5306465, -71.981501)",20,74,SJ07,11.31,130,0 days 00:01:14
225,22041699,2022-07-14 13:39:21,3,"(-13.5302956, -71.9796454)",11,146,SJ07,10.46,100,0 days 00:00:26
226,22042003,2022-07-14 13:40:39,3,"(-13.5353534, -71.980561)",19,153,SJ07,12.3,128,0 days 00:01:18
227,22042573,2022-07-14 13:43:13,3,"(-13.5394609, -71.9810461)",21,200,SJ07,8.29,125,0 days 00:02:34
228,22042629,2022-07-14 13:43:26,3,"(-13.5401326, -71.9812578)",10,198,SJ07,13.52,106,0 days 00:00:13
229,22042741,2022-07-14 13:43:57,3,"(-13.5408479, -71.9814384)",25,199,SJ07,19.24,107,0 days 00:00:31
230,22042877,2022-07-14 13:44:36,3,"(-13.5420308, -71.9821986)",18,201,SJ07,2.31,108,0 days 00:00:39
231,22043470,2022-07-14 13:47:01,3,"(-13.5447196, -71.9819571)",8,160,SJ07,18.36,121,0 days 00:02:25
232,22043674,2022-07-14 13:47:54,3,"(-13.5460335, -71.9842071)",22,221,SJ07,4.25,111,0 days 00:00:53
233,22044276,2022-07-14 13:50:28,3,"(-13.5504226, -71.9889484)",15,236,SJ07,7.57,115,0 days 00:02:34
234,22044357,2022-07-14 13:50:49,3,"(-13.5508652, -71.9895551)",10,240,SJ07,2.97,118,0 days 00:00:21
235,22044529,2022-07-14 13:51:37,3,"(-13.551624, -71.9909385)",16,233,SJ07,9.31,117,0 days 00:00:48
236,22047232,2022-07-14 14:03:26,3,"(-13.5508205, -71.9893918)",30,56,SJ07,6.49,116,0 days 00:11:49
237,22047434,2022-07-14 14:04:21,3,"(-13.548116, -71.9858995)",26,51,SJ07,7.35,119,0 days 00:00:55
238,22047478,2022-07-14 14:04:33,3,"(-13.547531, -71.9852057)",22,42,SJ07,4.58,113,0 days 00:00:12
239,22047783,2022-07-14 14:05:58,3,"(-13.5444846, -71.982001)",8,4,SJ07,9.97,121,0 days 00:01:25
240,22047962,2022-07-14 14:06:43,3,"(-13.5428966, -71.9818732)",6,10,SJ07,7.39,122,0 days 00:00:45
241,22048091,2022-07-14 14:07:16,3,"(-13.5422947, -71.9822129)",8,326,SJ07,19.66,123,0 days 00:00:33
242,22048356,2022-07-14 14:08:36,3,"(-13.5378513, -71.9803375)",34,21,SJ07,5.2,104,0 days 00:01:20
243,22048554,2022-07-14 14:09:30,3,"(-13.5364693, -71.9801039)",5,329,SJ07,9.63,127,0 days 00:00:54
244,22048853,2022-07-14 14:10:45,3,"(-13.5351144, -71.9806175)",17,329,SJ07,19.33,128,0 days 00:01:15
245,22064528,2022-07-14 14:11:57,3,"(-13.5304283, -71.9796171)",20,15,SJ07,9.12,100,0 days 00:01:12
246,22064538,2022-07-14 14:13:04,3,"(-13.530679, -71.9816444)",21,256,SJ07,5.2,130,0 days 00:01:07
247,22064545,2022-07-14 14:14:00,3,"(-13.5305809, -71.9828292)",16,343,SJ07,9.17,131,0 days 00:00:56
248,22064551,2022-07-14 14:14:15,3,"(-13.5298909, -71.9830311)",17,352,SJ07,14.19,132,0 days 00:00:15
249,22064557,2022-07-14 14:15:16,3,"(-13.528569, -71.9835682)",6,300,SJ07,7.44,133,0 days 00:01:01
250,22064563,2022-07-14 14:15:49,3,"(-13.5280679, -71.9836291)",15,84,SJ07,4.07,96,0 days 00:00:33
251,22064571,2022-07-14 14:17:06,3,"(-13.5276719, -71.9823265)",11,6,SJ07,16.81,134,0 days 00:01:17
252,22064576,2022-07-14 14:17:46,3,"(-13.5271195, -71.983685)",9,315,SJ07,14.41,135,0 days 00:00:40
253,22064604,2022-07-14 14:22:10,3,"(-13.5227429, -71.9824495)",3,38,SJ07,10.21,137,0 days 00:04:24
254,22064615,2022-07-14 14:25:23,3,"(-13.5234309, -71.9798806)",19,117,SJ07,18.71,138,0 days 00:03:13
255,22064686,2022-07-14 14:29:56,3,"(-13.5255072, -71.9721794)",3,317,SJ07,3.16,141,0 days 00:04:33
256,22064706,2022-07-14 14:30:48,3,"(-13.5231705, -71.9728443)",6,354,SJ07,5.29,142,0 days 00:00:52
257,22064721,2022-07-14 14:32:57,3,"(-13.5227977, -71.970008)",26,101,SJ07,3.3,143,0 days 00:02:09
258,22064738,2022-07-14 14:34:12,3,"(-13.5212345, -71.966515)",20,108,SJ07,11.69,190,0 days 00:01:15
259,22064758,2022-07-14 14:36:28,3,"(-13.5221921, -71.9634752)",24,104,SJ07,5.79,144,0 days 00:02:16
260,22064799,2022-07-14 14:38:06,3,"(-13.523398, -71.959563)",12,108,SJ07,8.15,145,0 days 00:01:38
261,22064821,2022-07-14 14:39:52,3,"(-13.5244072, -71.9562453)",11,99,SJ07,0.09,146,0 days 00:01:46
262,22064841,2022-07-14 14:42:18,3,"(-13.525732, -71.9519737)",6,107,SJ07,13.42,147,0 days 00:02:26
263,22064850,2022-07-14 14:43:54,3,"(-13.5267425, -71.9486459)",16,104,SJ07,10.15,148,0 days 00:01:36
264,22064868,2022-07-14 14:44:52,3,"(-13.5274209, -71.9460699)",8,99,SJ07,0.77,149,0 days 00:00:58
265,22064889,2022-07-14 14:46:26,3,"(-13.5277584, -71.9428759)",27,96,SJ07,16.4,74,0 days 00:01:34
266,22064918,2022-07-14 14:47:29,3,"(-13.5281317, -71.9402037)",12,106,SJ07,2.78,151,0 days 00:01:03
267,22064928,2022-07-14 14:48:06,3,"(-13.528603, -71.9384783)",23,108,SJ07,4.56,152,0 days 00:00:37
268,22064973,2022-07-14 14:49:14,3,"(-13.5296691, -71.9347756)",39,107,SJ07,15.43,154,0 days 00:01:08
269,22064979,2022-07-14 14:49:59,3,"(-13.5301745, -71.9329398)",15,108,SJ07,14.15,155,0 days 00:00:45
270,22064985,2022-07-14 14:50:49,3,"(-13.5309388, -71.9302601)",17,113,SJ07,15.72,156,0 days 00:00:50
271,22065009,2022-07-14 14:51:44,3,"(-13.5315193, -71.9282839)",20,113,SJ07,15.15,157,0 days 00:00:55
272,22065018,2022-07-14 14:53:01,3,"(-13.5322162, -71.9257696)",6,103,SJ07,19.12,158,0 days 00:01:17
273,22065042,2022-07-14 14:54:45,3,"(-13.5328044, -71.9208814)",4,74,SJ07,7.16,160,0 days 00:01:44
274,22065058,2022-07-14 14:55:42,3,"(-13.5317788, -71.9163166)",25,76,SJ07,4.21,162,0 days 00:00:57
275,22065070,2022-07-14 14:57:38,3,"(-13.5334132, -71.9119946)",26,123,SJ07,13.51,164,0 days 00:01:56
276,22065083,2022-07-14 14:57:38,3,"(-13.5334132, -71.9119946)",26,123,SJ07,13.51,164,0 days 00:00:00
277,22065130,2022-07-14 15:01:14,3,"(-13.5392469, -71.902865)",16,123,SJ07,8.31,56,0 days 00:03:36
278,22065144,2022-07-14 15:01:38,3,"(-13.5405711, -71.9010504)",38,126,SJ07,12.34,55,0 days 00:00:24
279,22065160,2022-07-14 15:04:09,3,"(-13.5442409, -71.8959921)",7,180,SJ07,9.56,52,0 days 00:02:31
280,22065176,2022-07-14 15:05:08,3,"(-13.5451167, -71.8944851)",47,110,SJ07,14.92,174,0 days 00:00:59
281,22065230,2022-07-14 15:08:11,3,"(-13.5443131, -71.8877928)",21,111,SJ07,17.48,48,0 days 00:03:03
282,22065247,2022-07-14 15:09:41,3,"(-13.5469856, -71.8871537)",25,105,SJ07,13.76,47,0 days 00:01:30
283,22065260,2022-07-14 15:10:40,3,"(-13.5477629, -71.884197)",19,103,SJ07,11.58,46,0 days 00:00:59
284,22065285,2022-07-14 15:11:22,3,"(-13.5481553, -71.8829245)",17,107,SJ07,8.54,45,0 days 00:00:42
285,22065267,2022-07-14 15:11:22,3,"(-13.5481553, -71.8829245)",17,107,SJ07,8.54,45,0 days 00:00:00
286,22065290,2022-07-14 15:11:47,3,"(-13.548636, -71.8810466)",11,115,SJ07,10.33,181,0 days 00:00:25
287,22065293,2022-07-14 15:12:02,3,"(-13.5488756, -71.8801831)",33,101,SJ07,11.38,43,0 days 00:00:15
288,22065296,2022-07-14 15:12:14,3,"(-13.5491931, -71.8790401)",34,107,SJ07,8.83,183,0 days 00:00:12
289,22065312,2022-07-14 15:13:48,3,"(-13.5506765, -71.8740467)",20,102,SJ07,11.01,40,0 days 00:01:34
290,22065322,2022-07-14 15:13:48,3,"(-13.5506765, -71.8740467)",20,102,SJ07,11.01,40,0 days 00:00:00
291,22065347,2022-07-14 15:15:05,3,"(-13.5523221, -71.8673487)",17,103,SJ07,2.82,187,0 days 00:01:17
292,22071558,2022-07-14 15:57:24,4,"(-13.546533, -71.8892999)",1,219,SJ07,12.1,49,0 days 00:42:19
293,22072508,2022-07-14 16:01:40,4,"(-13.5391726, -71.9032659)",3,131,SJ07,19.07,169,0 days 00:04:16
294,22072778,2022-07-14 16:02:51,4,"(-13.5368926, -71.9067485)",0,332,SJ07,6.25,167,0 days 00:01:11
295,22073358,2022-07-14 16:04:26,4,"(-13.5350987, -71.9089681)",0,267,SJ07,13.28,59,0 days 00:01:35
296,22073797,2022-07-14 16:06:32,4,"(-13.5314343, -71.9161942)",24,268,SJ07,15.42,62,0 days 00:02:06
297,22075164,2022-07-14 16:12:23,4,"(-13.5294538, -71.9346935)",15,287,SJ07,9.15,70,0 days 00:05:51
298,22077023,2022-07-14 16:20:01,4,"(-13.5245153, -71.9563264)",21,287,SJ07,14.83,146,0 days 00:07:38
299,22081292,2022-07-14 16:38:39,4,"(-13.5226186, -71.9815178)",5,303,SJ07,13.87,91,0 days 00:18:38
300,22081697,2022-07-14 16:40:29,4,"(-13.5228648, -71.982595)",1,13,SJ07,11.12,92,0 days 00:01:50
301,22084550,2022-07-14 16:53:15,4,"(-13.5410429, -71.9814683)",16,192,SJ07,5.63,107,0 days 00:12:46
302,22084904,2022-07-14 16:54:45,4,"(-13.543081, -71.981979)",10,230,SJ07,12.9,109,0 days 00:01:30
303,22090348,2022-07-14 17:17:57,4,"(-13.5428744, -71.981843)",0,291,SJ07,10.7,122,0 days 00:23:12
304,22090848,2022-07-14 17:20:13,4,"(-13.5364869, -71.9801021)",3,25,SJ07,11.48,127,0 days 00:02:16
305,22092344,2022-07-14 17:25:40,4,"(-13.5293866, -71.9830464)",16,7,SJ07,15.84,97,0 days 00:05:27
306,22095386,2022-07-14 17:41:20,4,"(-13.5260402, -71.9732948)",20,111,SJ07,15.38,140,0 days 00:15:40
307,22095924,2022-07-14 17:43:47,4,"(-13.5255178, -71.9723008)",5,301,SJ07,12.9,141,0 days 00:02:27
308,22100392,2022-07-14 18:07:24,4,"(-13.5308906, -71.9299256)",0,133,SJ07,17.41,68,0 days 00:23:37
309,22102084,2022-07-14 18:15:47,4,"(-13.5369028, -71.9065853)",10,131,SJ07,19.33,167,0 days 00:08:23
310,22102474,2022-07-14 18:17:08,4,"(-13.5384474, -71.9046127)",1,222,SJ07,12.23,168,0 days 00:01:21
311,22102888,2022-07-14 18:19:33,4,"(-13.5427393, -71.8978816)",35,139,SJ07,7.0,53,0 days 00:02:25
312,22103577,2022-07-14 18:22:34,4,"(-13.5443459, -71.8958886)",9,359,SJ07,17.19,52,0 days 00:03:01
313,22104265,2022-07-14 18:25:46,4,"(-13.5470306, -71.8868988)",12,99,SJ07,14.52,47,0 days 00:03:12
314,22105189,2022-07-14 18:30:23,4,"(-13.5500667, -71.876485)",32,105,SJ07,17.65,184,0 days 00:04:37
315,22117890,2022-07-14 19:28:40,5,"(-13.5464883, -71.8893721)",8,297,SJ07,15.69,49,0 days 00:58:17
316,22118483,2022-07-14 19:31:46,5,"(-13.5428424, -71.8978562)",16,314,SJ07,10.66,53,0 days 00:03:06
317,22120391,2022-07-14 19:40:58,5,"(-13.5323981, -71.9207944)",7,276,SJ07,19.16,64,0 days 00:09:12
318,22121921,2022-07-14 19:48:26,5,"(-13.5273615, -71.945622)",13,306,SJ07,16.01,75,0 days 00:07:28
319,22123139,2022-07-14 19:54:37,5,"(-13.5244791, -71.9562808)",6,315,SJ07,8.8,146,0 days 00:06:11
320,22124098,2022-07-14 19:59:35,5,"(-13.5213599, -71.9664884)",5,258,SJ07,8.24,190,0 days 00:04:58
321,22124876,2022-07-14 20:03:36,5,"(-13.523302, -71.9719069)",13,161,SJ07,9.7,86,0 days 00:04:01
322,22126513,2022-07-14 20:12:07,5,"(-13.5235378, -71.9796705)",0,262,SJ07,6.32,90,0 days 00:08:31
323,22126696,2022-07-14 20:13:06,5,"(-13.523261, -71.9801316)",8,296,SJ07,14.7,138,0 days 00:00:59
324,22127290,2022-07-14 20:16:27,5,"(-13.5227467, -71.9825803)",5,241,SJ07,5.55,137,0 days 00:03:21
325,22127851,2022-07-14 20:19:47,5,"(-13.5252486, -71.9835731)",5,200,SJ07,1.81,93,0 days 00:03:20
326,22128606,2022-07-14 20:24:13,5,"(-13.5297227, -71.9831158)",10,158,SJ07,7.89,132,0 days 00:04:26
327,22128707,2022-07-14 20:24:45,5,"(-13.5310357, -71.9826407)",6,118,SJ07,8.2,98,0 days 00:00:32
328,22128769,2022-07-14 20:25:02,5,"(-13.5307499, -71.9818216)",14,77,SJ07,9.45,99,0 days 00:00:17
329,22129115,2022-07-14 20:27:23,5,"(-13.5354775, -71.9804785)",27,150,SJ07,10.07,102,0 days 00:02:21
330,22129162,2022-07-14 20:27:37,5,"(-13.5362623, -71.980279)",13,159,SJ07,19.27,103,0 days 00:00:14
331,22129279,2022-07-14 20:28:16,5,"(-13.5375929, -71.980132)",22,207,SJ07,1.99,126,0 days 00:00:39
332,22129585,2022-07-14 20:30:05,5,"(-13.5411462, -71.9815305)",11,211,SJ07,6.92,124,0 days 00:01:49
333,22129854,2022-07-14 20:31:47,5,"(-13.542905, -71.9818903)",9,194,SJ07,5.8,122,0 days 00:01:42
334,22129968,2022-07-14 20:32:30,5,"(-13.5443809, -71.9821556)",14,163,SJ07,9.69,110,0 days 00:00:43
335,22130251,2022-07-14 20:34:14,5,"(-13.5463743, -71.984462)",17,211,SJ07,10.31,120,0 days 00:01:44
336,22130280,2022-07-14 20:34:26,5,"(-13.5469676, -71.9848537)",22,205,SJ07,4.47,112,0 days 00:00:12
337,22130312,2022-07-14 20:34:38,5,"(-13.547569, -71.9852581)",26,220,SJ07,4.69,113,0 days 00:00:12
338,22130360,2022-07-14 20:34:55,5,"(-13.5480856, -71.9858913)",19,233,SJ07,10.08,119,0 days 00:00:17
339,22130452,2022-07-14 20:35:32,5,"(-13.5495978, -71.9879032)",29,223,SJ07,12.82,114,0 days 00:00:37
340,22132576,2022-07-14 20:49:45,5,"(-13.5517299, -71.9910567)",27,58,SJ07,11.81,117,0 days 00:14:13
341,22132977,2022-07-14 20:52:25,5,"(-13.5446958, -71.9819619)",24,344,SJ07,15.76,121,0 days 00:02:40
342,22133219,2022-07-14 20:54:01,5,"(-13.5419929, -71.9821688)",15,29,SJ07,2.99,108,0 days 00:01:36
343,22133450,2022-07-14 20:55:48,5,"(-13.5364638, -71.9800799)",18,331,SJ07,10.57,127,0 days 00:01:47
344,22134102,2022-07-14 20:58:56,5,"(-13.530997, -71.9826331)",12,304,SJ07,4.59,98,0 days 00:03:08
345,22134105,2022-07-14 20:59:54,5,"(-13.5296293, -71.9831404)",18,346,SJ07,15.28,97,0 days 00:00:58
346,22134094,2022-07-14 21:00:43,5,"(-13.5280605, -71.9835196)",22,86,SJ07,7.97,96,0 days 00:00:49
347,22134280,2022-07-14 21:01:43,5,"(-13.5276911, -71.9823209)",5,10,SJ07,14.97,134,0 days 00:01:00
348,22134310,2022-07-14 21:02:19,5,"(-13.5271375, -71.9836722)",8,308,SJ07,16.51,135,0 days 00:00:36
349,22134451,2022-07-14 21:03:18,5,"(-13.5250854, -71.9831789)",12,293,SJ07,11.26,136,0 days 00:00:59
350,22134860,2022-07-14 21:06:23,5,"(-13.5225509, -71.9816868)",12,115,SJ07,5.92,91,0 days 00:03:05
351,22135222,2022-07-14 21:09:21,5,"(-13.5235625, -71.9796083)",19,115,SJ07,1.69,90,0 days 00:02:58
352,22135458,2022-07-14 21:11:22,5,"(-13.5250544, -71.9771524)",34,96,SJ07,8.77,139,0 days 00:02:01
353,22135966,2022-07-14 21:15:38,5,"(-13.5254723, -71.9722121)",22,332,SJ07,2.74,141,0 days 00:04:16
354,22136071,2022-07-14 21:16:29,5,"(-13.5230618, -71.9728554)",9,347,SJ07,8.63,142,0 days 00:00:51
355,22136425,2022-07-14 21:18:53,5,"(-13.5227949, -71.9698548)",8,91,SJ07,16.83,143,0 days 00:02:24
356,22136576,2022-07-14 21:20:51,5,"(-13.5217851, -71.964777)",42,107,SJ07,18.28,82,0 days 00:01:58
357,22136714,2022-07-14 21:22:16,5,"(-13.5233611, -71.9596484)",10,113,SJ07,17.66,145,0 days 00:01:25
358,22136962,2022-07-14 21:24:56,5,"(-13.5244178, -71.9562675)",22,104,SJ07,2.67,146,0 days 00:02:40
359,22137051,2022-07-14 21:25:48,5,"(-13.5253604, -71.9531493)",18,106,SJ07,16.64,78,0 days 00:00:52
360,22137244,2022-07-14 21:28:14,5,"(-13.5257689, -71.9519349)",2,68,SJ07,19.22,147,0 days 00:02:26
361,22137300,2022-07-14 21:28:54,5,"(-13.526765, -71.948474)",51,106,SJ07,16.6,76,0 days 00:00:40
362,22137359,2022-07-14 21:29:32,5,"(-13.5274269, -71.9461266)",8,96,SJ07,6.94,149,0 days 00:00:38
363,22137502,2022-07-14 21:31:01,5,"(-13.5280941, -71.9403335)",12,99,SJ07,17.32,151,0 days 00:01:29
364,22137553,2022-07-14 21:31:38,5,"(-13.5285918, -71.9385533)",39,105,SJ07,3.65,152,0 days 00:00:37
365,22137755,2022-07-14 21:33:47,5,"(-13.5302562, -71.9327994)",9,104,SJ07,5.77,155,0 days 00:02:09
366,22138020,2022-07-14 21:36:38,5,"(-13.5327914, -71.920902)",6,81,SJ07,5.43,160,0 days 00:02:51
367,22138225,2022-07-14 21:39:08,5,"(-13.5334922, -71.9119475)",5,115,SJ07,3.66,164,0 days 00:02:30
368,22138609,2022-07-14 21:43:57,5,"(-13.5444381, -71.895996)",10,136,SJ07,14.78,173,0 days 00:04:49
369,22138761,2022-07-14 21:46:03,5,"(-13.5464952, -71.8891597)",12,105,SJ07,9.78,49,0 days 00:02:06
370,22138854,2022-07-14 21:47:19,5,"(-13.5470617, -71.8868934)",20,104,SJ07,15.63,47,0 days 00:01:16
371,22138905,2022-07-14 21:48:08,5,"(-13.5474648, -71.8853335)",19,102,SJ07,4.35,179,0 days 00:00:49
372,22138955,2022-07-14 21:48:46,5,"(-13.547856, -71.8839257)",23,106,SJ07,19.61,46,0 days 00:00:38
373,22138977,2022-07-14 21:49:08,5,"(-13.5480645, -71.8831579)",27,104,SJ07,11.71,180,0 days 00:00:22
374,22139074,2022-07-14 21:50:39,5,"(-13.5489097, -71.8800372)",13,106,SJ07,3.87,182,0 days 00:01:31
375,22139140,2022-07-14 21:51:37,5,"(-13.5500254, -71.8762471)",32,109,SJ07,11.5,184,0 days 00:00:58
376,22139231,2022-07-14 21:52:46,5,"(-13.550654, -71.8740686)",18,107,SJ07,12.7,40,0 days 00:01:09
377,22139298,2022-07-14 21:53:36,5,"(-13.5516535, -71.8700775)",17,104,SJ07,9.62,186,0 days 00:00:50
378,22139363,2022-07-14 21:54:23,5,"(-13.5523846, -71.867154)",15,102,SJ07,18.51,38,0 days 00:00:47
379,22139843,2022-07-14 22:01:05,5,"(-13.5516258, -71.8701078)",24,283,SJ07,6.61,186,0 days 00:06:42
380,22140359,2022-07-14 22:10:02,5,"(-13.5500639, -71.8759941)",36,287,SJ07,12.84,41,0 days 00:08:57
381,22140735,2022-07-14 22:17:23,5,"(-13.5493937, -71.8787108)",0,284,SJ07,14.1,42,0 days 00:07:21
